GROUP,PACKAGE,CLASS,INSTRUCTION_MISSED,INSTRUCTION_COVERED,BRANCH_MISSED,BRANCH_COVERED,LINE_MISSED,LINE_COVERED,COMPLEXITY_MISSED,COMPLEXITY_COVERED,METHOD_MISSED,METHOD_COVERED
HOME,default,Program,7,0,0,0,3,0,2,0,2,0
HOME,default,Max,34,0,6,0,12,0,5,0,2,0
HOME,default,Main,10,0,0,0,4,0,2,0,2,0
HOME,com.company.oop.incapsulation,StaticPerson,26,0,0,0,6,0,3,0,3,0
HOME,com.company.oop.incapsulation,Queue,62,0,4,0,16,0,5,0,3,0
HOME,com.company.oop.incapsulation,StaticMethods,38,0,0,0,8,0,4,0,4,0
HOME,com.company.oop.incapsulation,Block,58,0,8,0,8,0,7,0,3,0
HOME,com.company.oop.incapsulation,StaticProgram,19,0,0,0,7,0,2,0,2,0
HOME,com.company.oop.incapsulation,PersonInc,28,0,4,0,11,0,7,0,5,0
HOME,com.company.oop.incapsulation,MyClass,19,0,0,0,7,0,3,0,3,0
HOME,com.company.oop.incapsulation,OLMPProgram,23,0,0,0,8,0,3,0,3,0
HOME,com.company.oop.incapsulation,ObjLikeMethodsParam,13,0,0,0,6,0,3,0,3,0
HOME,com.company.oop.incapsulation,AccessDemo,26,0,0,0,8,0,2,0,2,0
HOME,com.company.oop.incapsulation,Person,64,0,0,0,14,0,5,0,5,0
HOME,com.company.oop.incapsulation,PassOb,43,0,0,0,8,0,2,0,2,0
HOME,com.company.oop.incapsulation,Modificators,26,0,0,0,8,0,2,0,2,0
HOME,com.company.oop.incapsulation,IncGetSetters,28,0,0,0,8,0,2,0,2,0
HOME,com.company.oop.generics,AccountG,19,0,0,0,8,0,4,0,4,0
HOME,com.company.oop.generics,Account,19,0,0,0,8,0,4,0,4,0
HOME,com.company.oop.generics,Account2G,19,0,0,0,8,0,4,0,4,0
HOME,com.company.oop.generics,Program,31,0,0,0,6,0,2,0,2,0
HOME,com.company.oop.generics,ProgramG,17,0,0,0,5,0,2,0,2,0
HOME,com.company.oop.generics,Program2G,27,0,0,0,6,0,2,0,2,0
HOME,com.company.oop.generics,Printer,23,0,2,0,4,0,3,0,2,0
HOME,com.company.oop.generics,ProgramGenObj,79,0,0,0,7,0,2,0,2,0
HOME,com.company.collections.map,NonUniqueString,3,45,0,4,1,6,1,5,1,3
HOME,com.company.collections.map,RemoveElements,3,34,0,4,1,7,1,3,1,1
HOME,com.company.collections.map,WeatherTest,162,0,0,0,6,0,2,0,2,0
HOME,com.company.collections.map,ComputeIfAbsent,3,35,0,2,1,5,1,4,1,3
HOME,com.company.collections.map,Merge,3,34,0,2,1,5,1,3,1,2
HOME,com.company.collections.map,Merge.User,36,21,8,0,7,8,6,4,2,4
HOME,com.company.collections.map,Concordance,3,53,0,6,1,11,1,4,1,1
HOME,com.company.collections.map,KeySet,3,37,0,2,1,10,1,2,1,1
HOME,com.company.collections.map,ComputeIfAbsent.User,32,15,6,0,7,6,5,3,2,3
HOME,com.company.collections.map,Weather.Info,62,0,10,0,14,0,10,0,5,0
HOME,com.company.collections.map,Dictionary,3,62,0,6,1,10,1,4,1,1
HOME,com.company.collections.map,Farm,3,32,0,2,1,6,1,2,1,1
HOME,com.company.collections.map,MostUsedCharacter,3,84,0,6,1,15,1,5,1,2
HOME,com.company.collections.map,RemoveElements.User,50,12,10,0,9,5,8,2,3,2
HOME,com.company.collections.map,Weather,70,0,4,0,11,0,5,0,3,0
HOME,com.company.collections.map,Farm.Animal,7,40,3,3,3,10,4,4,1,4
HOME,com.company.collections.map,Mapa,43,0,0,0,9,0,2,0,2,0
HOME,com.company.collections.map,PutContainsKey,3,54,0,6,1,11,1,5,1,2
HOME,com.company.collections.map,PutIfAbsent,0,30,0,2,0,8,0,3,0,2
HOME,com.company.collections.map,GetOrDefault,0,24,0,0,0,5,0,3,0,3
HOME,com.company.collections.map,PutIfAbsent.User,13,31,3,3,3,9,4,3,1,3
HOME,com.company.collections.map,User,31,17,7,1,5,7,5,3,1,3
HOME,com.company.bases.arrays,ArrayWithoutEvenElements,37,0,4,0,8,0,4,0,2,0
HOME,com.company.bases.arrays,OddPrintTest,67,0,0,0,12,0,3,0,3,0
HOME,com.company.bases.arrays,Fibonacci,34,0,4,0,7,0,4,0,2,0
HOME,com.company.bases.arrays,UpperCaseTest,14,0,0,0,5,0,2,0,2,0
HOME,com.company.bases.arrays,SummingPreviousTest,73,0,0,0,5,0,2,0,2,0
HOME,com.company.bases.arrays,EvenSumElementsTest,77,0,0,0,9,0,3,0,3,0
HOME,com.company.bases.arrays,SwapCols,48,0,2,0,7,0,3,0,2,0
HOME,com.company.bases.arrays,Converter,114,0,12,0,21,0,8,0,2,0
HOME,com.company.bases.arrays,ArraySort,52,0,2,0,12,0,3,0,2,0
HOME,com.company.bases.arrays,ConcatArrayTest,121,0,0,0,13,0,3,0,3,0
HOME,com.company.bases.arrays,UnionThreeArrays,61,0,4,0,9,0,4,0,2,0
HOME,com.company.bases.arrays,SwapRows,44,0,2,0,7,0,3,0,2,0
HOME,com.company.bases.arrays,OddPrint,25,0,4,0,6,0,4,0,2,0
HOME,com.company.bases.arrays,MergeTest,263,0,0,0,25,0,7,0,7,0
HOME,com.company.bases.arrays,ArrayWithoutEvenElementsTest,77,0,0,0,6,0,2,0,2,0
HOME,com.company.bases.arrays,EditorElementsArray,49,0,6,0,7,0,5,0,2,0
HOME,com.company.bases.arrays,TwoDArray,55,0,8,0,12,0,6,0,2,0
HOME,com.company.bases.arrays,SumWithStopEl,35,0,6,0,9,0,5,0,2,0
HOME,com.company.bases.arrays,SwapRowsTest,83,0,0,0,5,0,2,0,2,0
HOME,com.company.bases.arrays,EvenPrintTest,71,0,0,0,12,0,3,0,3,0
HOME,com.company.bases.arrays,CheckSumIndexesTest,150,0,0,0,6,0,2,0,2,0
HOME,com.company.bases.arrays,UpperCase,36,0,2,0,8,0,3,0,2,0
HOME,com.company.bases.arrays,MaxLengthSeriaTest,161,0,0,0,14,0,5,0,5,0
HOME,com.company.bases.arrays,SummingPrevious,36,0,2,0,9,0,3,0,2,0
HOME,com.company.bases.arrays,CrossArray,33,0,6,0,7,0,5,0,2,0
HOME,com.company.bases.arrays,TranspositionTest,234,0,0,0,13,0,4,0,4,0
HOME,com.company.bases.arrays,Foreach,36,0,4,0,9,0,5,0,3,0
HOME,com.company.bases.arrays,MaxLengthSeria,37,0,6,0,10,0,5,0,2,0
HOME,com.company.bases.arrays,ArrChangePlaces,91,0,6,0,13,0,5,0,2,0
HOME,com.company.bases.arrays,EvenSumElements,27,0,4,0,7,0,4,0,2,0
HOME,com.company.bases.arrays,TwoSquareArrays,63,0,6,0,11,0,5,0,2,0
HOME,com.company.bases.arrays,RightDiagonalTest,77,0,0,0,5,0,2,0,2,0
HOME,com.company.bases.arrays,ConcatArray,9,0,0,0,2,0,2,0,2,0
HOME,com.company.bases.arrays,Array2d,61,0,6,0,13,0,5,0,2,0
HOME,com.company.bases.arrays,Merge,84,0,12,0,18,0,8,0,2,0
HOME,com.company.bases.arrays,IndexOfWithCount,25,0,6,0,8,0,5,0,2,0
HOME,com.company.bases.arrays,MergeRowsTest,103,0,0,0,6,0,2,0,2,0
HOME,com.company.bases.arrays,UnionThreeArraysTest,199,0,0,0,15,0,3,0,3,0
HOME,com.company.bases.arrays,ArrayMax,75,0,6,0,16,0,5,0,2,0
HOME,com.company.bases.arrays,EvenPrint,27,0,4,0,6,0,4,0,2,0
HOME,com.company.bases.arrays,CheckSumIndexes,86,0,10,0,17,0,7,0,2,0
HOME,com.company.bases.arrays,FibonacciTest,109,0,0,0,9,0,3,0,3,0
HOME,com.company.bases.arrays,Sorted,29,0,4,0,7,0,4,0,2,0
HOME,com.company.bases.arrays,SumWithStopElTest,111,0,0,0,9,0,3,0,3,0
HOME,com.company.bases.arrays,SwapColsTest,119,0,0,0,6,0,2,0,2,0
HOME,com.company.bases.arrays,SortedTest,45,0,0,0,9,0,3,0,3,0
HOME,com.company.bases.arrays,RightDiagonal,38,0,4,0,6,0,4,0,2,0
HOME,com.company.bases.arrays,ArrayInSquareArrayTest,148,0,0,0,11,0,3,0,3,0
HOME,com.company.bases.arrays,Arrays1,95,0,4,0,10,0,4,0,2,0
HOME,com.company.bases.arrays,Transposition,41,0,4,0,8,0,4,0,2,0
HOME,com.company.bases.arrays,ArrayInSquareArray,58,0,6,0,10,0,5,0,2,0
HOME,com.company.bases.arrays,ArrStair,78,0,8,0,16,0,6,0,2,0
HOME,com.company.bases.arrays,CrossArrayTest,76,0,0,0,11,0,3,0,3,0
HOME,com.company.bases.arrays,ConverterTest,291,0,0,0,11,0,3,0,3,0
HOME,com.company.bases.arrays,Validator,37,0,6,0,9,0,5,0,2,0
HOME,com.company.bases.arrays,ValidatorTest,111,0,0,0,11,0,3,0,3,0
HOME,com.company.bases.arrays,TwoSquareArraysTest,159,0,0,0,7,0,2,0,2,0
HOME,com.company.bases.arrays,MergeRows,41,0,4,0,9,0,4,0,2,0
HOME,com.company.inout,PrintWriterDemo,23,0,0,0,8,0,2,0,2,0
HOME,com.company.inout,BRReadLines,29,0,2,0,8,0,3,0,2,0
HOME,com.company.inout,TinyEdit,60,0,8,0,14,0,6,0,2,0
HOME,com.company.inout,ShowFile,48,0,6,0,21,0,5,0,2,0
HOME,com.company.inout,BRRead,26,0,2,0,7,0,3,0,2,0
HOME,com.company.bool,Bool,15,0,8,0,2,0,6,0,2,0
HOME,com.company.bases.cycles,Ex5Cycle,33,0,4,0,6,0,4,0,2,0
HOME,com.company.bases.cycles,Ex1Cycle,38,0,2,0,10,0,3,0,2,0
HOME,com.company.bases.cycles,WhileCycle,14,0,2,0,6,0,3,0,2,0
HOME,com.company.bases.cycles,ContCycle,19,0,4,0,6,0,4,0,2,0
HOME,com.company.bases.cycles,Ex6Cycle,38,0,2,0,12,0,3,0,2,0
HOME,com.company.bases.cycles,Ex4Cycle,40,0,2,0,12,0,3,0,2,0
HOME,com.company.bases.cycles,Ex2Cycle,57,0,6,0,16,0,5,0,2,0
HOME,com.company.bases.cycles,DoCycle2,13,0,2,0,6,0,3,0,2,0
HOME,com.company.bases.cycles,ForCycle2,32,0,2,0,8,0,3,0,2,0
HOME,com.company.bases.cycles,DoCycle1,13,0,2,0,6,0,3,0,2,0
HOME,com.company.bases.cycles,ForCycle1,29,0,2,0,4,0,3,0,2,0
HOME,com.company.bases.cycles,ContCycle2,19,0,4,0,6,0,4,0,2,0
HOME,com.company.bases.cycles,Ex3Cycle,44,0,2,0,11,0,3,0,2,0
HOME,com.company.collections.arraylist,Alphabet,3,53,0,4,1,10,1,3,1,1
HOME,com.company.collections.arraylist,AddAllElementsList,3,20,1,3,1,4,2,2,1,1
HOME,com.company.collections.coll,Pangram,51,0,4,0,9,0,4,0,2,0
HOME,com.company.collections.coll,Jackpot,3,32,0,4,1,4,1,3,1,1
HOME,com.company.collections.coll,PangramTest,15,0,0,0,5,0,2,0,2,0
HOME,com.company.collections.coll,SetIterator,3,35,0,2,1,6,1,2,1,1
HOME,com.company.collections.coll,Isogram,3,37,0,4,1,5,1,3,1,1
HOME,com.company.collections.coll,User,7,37,3,3,3,9,4,3,1,3
HOME,com.company.collections.coll,UniqueName,3,11,0,0,1,3,1,1,1,1
HOME,com.company.collections.coll,Collect,101,0,6,0,21,0,5,0,2,0
HOME,com.company.collections.coll,Firewall,3,28,0,4,1,5,1,3,1,1
HOME,com.company.loop,Multipliers,23,0,4,0,8,0,5,0,3,0
HOME,com.company.loop,OddCount,20,0,4,0,6,0,4,0,2,0
HOME,com.company.loop,PrintNTo0,18,0,2,0,6,0,4,0,3,0
HOME,com.company.loop,SweetPrice,21,0,2,0,7,0,4,0,3,0
HOME,com.company.loop,SectionCountTest,31,0,0,0,9,0,5,0,5,0
HOME,com.company.loop,Cryptography,56,0,10,0,15,0,8,0,3,0
HOME,com.company.loop,AbbreviationTest,33,0,0,0,13,0,4,0,4,0
HOME,com.company.loop,BackwardFor,18,0,2,0,6,0,4,0,3,0
HOME,com.company.loop,HammingTest,36,0,0,0,10,0,4,0,4,0
HOME,com.company.loop,Abbreviation,31,0,4,0,7,0,4,0,2,0
HOME,com.company.loop,DegreeLoop,23,0,2,0,7,0,4,0,3,0
HOME,com.company.loop,ModWithLoop,37,0,2,0,11,0,4,0,3,0
HOME,com.company.loop,CryptographyTest,27,0,0,0,10,0,4,0,4,0
HOME,com.company.loop,Hamming,43,0,4,0,12,0,5,0,3,0
HOME,com.company.loop,SectionCount,24,0,2,0,9,0,4,0,3,0
HOME,com.company.loop,SymmetryTest,23,0,0,0,7,0,3,0,3,0
HOME,com.company.loop,MultiplicationLoop,23,0,2,0,7,0,4,0,3,0
HOME,com.company.loop,Symmetry,30,0,4,0,6,0,4,0,2,0
HOME,com.company.loop,DigitSum,32,0,2,0,11,0,4,0,3,0
HOME,com.company.loop,OddCountTest,29,0,0,0,7,0,3,0,3,0
HOME,com.company.loop,SecondSum,29,0,2,0,8,0,4,0,3,0
HOME,com.company.sort,CountingMethod.Company,0,9,0,0,0,4,0,2,0,2
HOME,com.company.sort,CollectionsSortTest,42,0,0,0,6,0,2,0,2,0
HOME,com.company.sort,ArraysSortWithObjectTest,40,0,0,0,6,0,2,0,2,0
HOME,com.company.sort,CompareMethod,3,8,0,0,1,2,1,2,1,2
HOME,com.company.sort,SortBySetTest,44,0,0,0,6,0,2,0,2,0
HOME,com.company.sort,SortMap,13,0,0,0,4,0,2,0,2,0
HOME,com.company.sort,CountingMethod.Worker,3,12,0,0,1,5,1,2,1,2
HOME,com.company.sort,ListSort,9,0,0,0,3,0,2,0,2,0
HOME,com.company.sort,SortMapTest,26,0,0,0,9,0,2,0,2,0
HOME,com.company.sort,ArraysSortWithObject,8,0,0,0,3,0,2,0,2,0
HOME,com.company.sort,SortBySetUsingComparator,14,0,0,0,4,0,2,0,2,0
HOME,com.company.sort,ArraysSortTest,40,0,0,0,6,0,2,0,2,0
HOME,com.company.sort,SortBySet,8,0,0,0,2,0,2,0,2,0
HOME,com.company.sort,CollectionsSort,7,0,0,0,3,0,2,0,2,0
HOME,com.company.sort,NullLastMethod,3,3,0,0,1,1,1,1,1,1
HOME,com.company.sort,NullFirstMethod,3,3,0,0,1,1,1,1,1,1
HOME,com.company.sort,ListSortTest,50,0,0,0,6,0,2,0,2,0
HOME,com.company.sort,CollectToList,3,5,0,0,1,1,1,1,1,1
HOME,com.company.sort,NaturalOrder,3,2,0,0,1,1,1,1,1,1
HOME,com.company.sort,ReverseOrder,3,2,0,0,1,1,1,1,1,1
HOME,com.company.sort,ThenComparingMethod.User,51,28,9,1,7,10,8,6,3,6
HOME,com.company.sort,SortBySetUsingComparatorTest,44,0,0,0,6,0,2,0,2,0
HOME,com.company.sort,CountingMethod,3,12,0,0,1,4,1,2,1,2
HOME,com.company.sort,ThenComparingMethod,3,0,0,0,1,0,1,0,1,0
HOME,com.company.sort,ArraysSort,7,0,0,0,3,0,2,0,2,0
HOME,com.company.stream,BoxedMethod,3,7,0,0,1,1,1,1,1,1
HOME,com.company.stream,FlatMapForPrimitive,3,6,0,0,1,2,1,1,1,1
HOME,com.company.stream,Task1,20,0,2,0,4,0,4,0,3,0
HOME,com.company.stream,Task1Test,74,0,0,0,7,0,2,0,2,0
HOME,com.company.stream,CollectorClass,9,26,0,0,3,4,2,3,2,3
HOME,com.company.stream,DistinctForPrimitive,3,8,0,0,1,4,1,1,1,1
HOME,com.company.stream,SummingMethod.User,0,20,0,0,0,7,0,3,0,3
HOME,com.company.stream,UserMap.User,0,9,0,0,0,4,0,2,0,2
HOME,com.company.stream,SummingMethod.Bill,0,9,0,0,0,4,0,2,0,2
HOME,com.company.stream,MinMethodTest,11,0,0,0,4,0,2,0,2,0
HOME,com.company.stream,MinMethod,16,0,0,0,4,0,3,0,3,0
HOME,com.company.stream,CollectorAriphmeticTest,33,0,0,0,7,0,3,0,3,0
HOME,com.company.stream,ReductionWithTwoArguments,18,0,0,0,3,0,3,0,3,0
HOME,com.company.stream,CharsMethod,3,12,0,0,1,1,1,2,1,2
HOME,com.company.stream,OptionalFilter,3,47,0,4,1,8,1,8,1,6
HOME,com.company.stream,CollectorAriphmetic,50,0,2,0,14,0,5,0,4,0
HOME,com.company.stream,NoneMatchMethod,3,12,0,2,1,1,1,3,1,2
HOME,com.company.stream,GroupMethod,3,7,0,0,1,2,1,1,1,1
HOME,com.company.stream,UserMap,3,14,0,0,1,1,1,2,1,2
HOME,com.company.stream,MapToIntMethod,3,10,0,0,1,1,1,2,1,2
HOME,com.company.stream,OptionalStream.PhoneNumber,0,9,0,0,0,4,0,2,0,2
HOME,com.company.stream,CollectToMapWhenDublicate,3,19,0,0,1,1,1,4,1,4
HOME,com.company.stream,CollectToSet,3,5,0,0,1,1,1,1,1,1
HOME,com.company.stream,FlatIt,3,24,0,4,1,7,1,3,1,1
HOME,com.company.stream,DistinctForObject,3,7,0,0,1,1,1,1,1,1
HOME,com.company.stream,FilterNumbers,3,17,0,2,1,1,1,3,1,2
HOME,com.company.stream,ReduceMethodOneArgument,17,0,0,0,4,0,3,0,3,0
HOME,com.company.stream,AveragingMethod,3,13,0,0,1,4,1,2,1,2
HOME,com.company.stream,SummingMethod,3,22,0,0,1,6,1,4,1,4
HOME,com.company.stream,FilterString,3,18,0,0,1,4,1,3,1,3
HOME,com.company.stream,OptionalStream,3,31,0,2,1,5,1,5,1,4
HOME,com.company.stream,GroupMethod.User,42,17,9,1,6,7,6,3,1,3
HOME,com.company.stream,DistinctForObject.User,9,53,4,6,3,10,6,4,2,3
HOME,com.company.stream,AveragingMethod.Worker,0,15,0,0,0,6,0,3,0,3
HOME,com.company.stream,OptionalFilter.Child,3,12,0,0,1,5,1,2,1,2
HOME,com.company.stream,StreamBuilder,3,14,0,0,1,4,1,1,1,1
HOME,com.company.stream,ReduceMethodOneArgumentTest,35,0,0,0,5,0,2,0,2,0
HOME,com.company.stream,StreamMethodTest,15,0,0,0,5,0,2,0,2,0
HOME,com.company.stream,TerminalForPrimitive,0,37,0,0,0,8,0,6,0,6
HOME,com.company.stream,OptionalFlatMap,3,17,0,0,1,4,1,3,1,3
HOME,com.company.stream,AllMatchMethod,3,13,0,2,1,1,1,3,1,2
HOME,com.company.stream,CollectToAnyMap,3,20,0,0,1,3,1,4,1,4
HOME,com.company.stream,StreamOfMethodTest,11,0,0,0,4,0,2,0,2,0
HOME,com.company.stream,OptionalStream.User,0,15,0,0,0,6,0,3,0,3
HOME,com.company.stream,SummingMethod.Pair,15,0,0,0,6,0,3,0,3,0
HOME,com.company.stream,ReductionWithTwoArgumentsTest,36,0,0,0,6,0,2,0,2,0
HOME,com.company.stream,FilterObject.User,0,15,0,0,0,6,0,3,0,3
HOME,com.company.stream,StreamOfMethod,22,0,0,0,2,0,2,0,2,0
HOME,com.company.stream,JoiningMethod,3,9,0,0,1,1,1,1,1,1
HOME,com.company.stream,OptionalFilter.Worker,0,20,0,0,0,7,0,3,0,3
HOME,com.company.stream,FilterObject,3,23,0,2,1,4,1,4,1,3
HOME,com.company.stream,StreamMethod,6,0,0,0,2,0,2,0,2,0
HOME,com.company.stream,AveragingMethod.Company,0,9,0,0,0,4,0,2,0,2
HOME,com.company.stream,CollectToMap,3,16,0,0,1,1,1,3,1,3
HOME,com.company.thread,NewThread,39,0,2,0,13,0,3,0,2,0
HOME,com.company.thread,ThreadDemo,28,0,2,0,10,0,3,0,2,0
HOME,com.company.thread,CurrentThreadDemo,33,0,2,0,12,0,3,0,2,0
HOME,com.company.oop.classobj,VectorEx,31,0,0,0,6,0,2,0,2,0
HOME,com.company.bases.conditions,Ex5,32,0,4,0,13,0,5,0,2,0
HOME,com.company.bases.conditions,Ex6,53,0,4,0,19,0,5,0,2,0
HOME,com.company.bases.conditions,Ex3,28,0,4,0,8,0,4,0,2,0
HOME,com.company.bases.conditions,Ex4,78,0,8,0,15,0,6,0,2,0
HOME,com.company.bases.conditions,Ex2,28,0,4,0,8,0,4,0,2,0
HOME,com.company.bases.conditions,ResCond,38,0,4,0,12,0,4,0,2,0
HOME,com.company.lambda,MyStringOps,22,0,2,0,5,0,3,0,2,0
HOME,com.company.lambda,OptionalGetAndIsPresent,36,0,6,0,8,0,6,0,3,0
HOME,com.company.lambda,OptionalOrElseThrow.User.UserNotFoundException,3,0,0,0,1,0,1,0,1,0
HOME,com.company.lambda,MethodRefDemo,22,0,0,0,7,0,3,0,3,0
HOME,com.company.lambda,GenericMethodRefDemo,95,0,0,0,9,0,3,0,3,0
HOME,com.company.lambda,MRSupplier,5,0,0,0,2,0,2,0,2,0
HOME,com.company.lambda,MRSupplierTest,10,0,0,0,4,0,2,0,2,0
HOME,com.company.lambda,OptionalIfPresentTest,106,0,0,0,30,0,4,0,4,0
HOME,com.company.lambda,MethodReferenceTest,48,0,0,0,17,0,3,0,3,0
HOME,com.company.lambda,MRFunctionTest,24,0,0,0,5,0,2,0,2,0
HOME,com.company.lambda,GenericFunctionalInterfaceDemo,56,0,4,0,14,0,6,0,4,0
HOME,com.company.lambda,OptionalOfAndEmptyTest,22,0,0,0,11,0,3,0,3,0
HOME,com.company.lambda,OptionalOfAndEmpty,12,0,2,0,4,0,3,0,2,0
HOME,com.company.lambda,Program,28,0,0,0,7,0,4,0,4,0
HOME,com.company.lambda,MethodReference,26,0,0,0,11,0,5,0,5,0
HOME,com.company.lambda,BlockLambdaDemo2,37,0,2,0,9,0,4,0,3,0
HOME,com.company.lambda,VarCapture,4,0,0,0,2,0,2,0,2,0
HOME,com.company.lambda,EmptyArrayException,4,0,0,0,2,0,1,0,1,0
HOME,com.company.lambda,OptionalGetAndIsPresentTest,43,0,0,0,7,0,3,0,3,0
HOME,com.company.lambda,OptionalOfNullable,13,0,2,0,2,0,3,0,2,0
HOME,com.company.lambda,MyArrayOps,21,0,4,0,6,0,4,0,2,0
HOME,com.company.lambda,OptionalOrlElse,9,0,0,0,2,0,2,0,2,0
HOME,com.company.lambda,MRPredicate,5,0,0,0,2,0,2,0,2,0
HOME,com.company.lambda,MRFunction,5,0,0,0,2,0,2,0,2,0
HOME,com.company.lambda,LambdaExceptionDemo,67,0,4,0,12,0,5,0,3,0
HOME,com.company.lambda,OptionalOrlElseTest,16,0,0,0,4,0,2,0,2,0
HOME,com.company.lambda,LambdaAsArgumentDemo,83,0,6,0,20,0,9,0,6,0
HOME,com.company.lambda,MRPredicateTest,14,0,0,0,5,0,2,0,2,0
HOME,com.company.lambda,OptionalOrElseThrow.User,39,0,4,0,11,0,6,0,4,0
HOME,com.company.lambda,OptionalOrElseThrowTest,53,0,0,0,13,0,3,0,3,0
HOME,com.company.lambda,OptionalOfNullableTest,48,0,0,0,11,0,3,0,3,0
HOME,com.company.lambda,OptionalIfPresent,43,0,6,0,10,0,7,0,4,0
HOME,com.company.lambda,BlockLambdaDemo,33,0,2,0,9,0,4,0,3,0
HOME,com.company.lambda,LambdaDemo2,50,0,12,0,12,0,10,0,4,0
HOME,com.company.lambda,LambdaDemo3,30,0,6,0,7,0,6,0,3,0
HOME,com.company.lambda,OptionalOrElseThrow,3,0,0,0,1,0,1,0,1,0
HOME,com.company.oop.linkedtypes,Person2,33,0,0,0,11,0,5,0,5,0
HOME,com.company.bases,IntTypes,36,0,0,0,15,0,2,0,2,0
HOME,com.company.bases,AriphOperations,17,0,0,0,6,0,2,0,2,0
HOME,com.company.bases,SymbolsTypes,29,0,0,0,12,0,2,0,2,0
HOME,com.company.bases,ConsolInput,49,0,0,0,11,0,2,0,2,0
HOME,com.company.bases,FloatType,13,0,0,0,5,0,2,0,2,0
HOME,com.company.oop.incapsulation.argum,NewTest,22,0,0,0,7,0,2,0,2,0
HOME,com.company.oop.incapsulation.argum,CallByRef,27,0,0,0,6,0,2,0,2,0
HOME,com.company.oop.incapsulation.argum,CallByValue,26,0,0,0,8,0,2,0,2,0
HOME,com.company.oop.incapsulation.argum,Test,11,0,0,0,4,0,2,0,2,0
HOME,com.company.oop.legasy.interfaces,Program,24,0,0,0,10,0,2,0,2,0
HOME,com.company.oop.legasy.interfaces,Volga,25,0,0,0,10,0,5,0,5,0
HOME,bases.arrays,EditorElementsArrayTest,259,0,0,0,13,0,3,0,3,0
HOME,com.company.applet,SimpleApplet,9,0,0,0,3,0,2,0,2,0
HOME,com.company.applet,Program,4,0,0,0,2,0,2,0,2,0
HOME,collections.arraylist,AddElement,4,17,1,1,1,3,2,1,1,1
HOME,collections.arraylist,ListIteratorUsage,3,37,0,4,1,10,1,3,1,1
HOME,collections.arraylist,IteratorForList,3,28,0,2,1,6,1,2,1,1
HOME,collections.arraylist,CreatorNewList,3,49,0,2,1,13,1,2,1,1
HOME,collections.arraylist,GeomProgression,3,47,0,4,1,9,1,3,1,1
HOME,collections.arraylist,ArrayMethods3,64,0,0,0,18,0,2,0,2,0
HOME,collections.arraylist,ArrayMethods2,109,0,2,0,21,0,3,0,2,0
HOME,collections.arraylist,AddIndexElement,4,22,1,3,1,5,2,2,1,1
HOME,collections.arraylist,SubList,11,31,3,5,2,6,3,3,1,1
HOME,collections.arraylist,UniqueElement,3,17,0,4,1,3,1,3,1,1
HOME,collections.arraylist,Alphabet,56,0,4,0,11,0,4,0,2,0
HOME,collections.arraylist,ArrayListMethods1,83,0,4,0,21,0,4,0,2,0
HOME,collections.arraylist,Student,30,0,0,0,8,0,2,0,2,0
HOME,collections.arraylist,SplitterList,3,10,0,0,1,3,1,1,1,1
HOME,collections.arraylist,Factory,3,22,0,2,1,4,1,2,1,1
HOME,collections.arraylist,Program,100,0,6,0,22,0,5,0,2,0
HOME,collections.arraylist,RepositionElement,3,19,0,2,1,4,1,2,1,1
HOME,collections.arraylist,ArProgression,3,55,0,6,1,8,1,4,1,1
HOME,collections.arraylist,RemoveIf,3,14,0,2,1,2,1,3,1,2
HOME,com.company.condition,PrintNToM,18,0,2,0,6,0,4,0,3,0
HOME,com.company.condition,LeapYear,19,0,6,0,2,0,5,0,2,0
HOME,com.company.condition,AttackRook,23,0,4,0,6,0,4,0,2,0
HOME,com.company.condition,AttackRookTest,47,0,0,0,13,0,5,0,5,0
HOME,com.company.condition,WeeklySalary,139,0,30,0,19,0,17,0,2,0
HOME,com.company.condition,Game,30,0,2,0,7,0,4,0,3,0
HOME,com.company.condition,HelloWorld,34,0,8,0,10,0,6,0,2,0
HOME,com.company.condition,LeapYearTest,43,0,0,0,13,0,5,0,5,0
HOME,com.company.condition,PairsCharString,38,0,8,0,7,0,6,0,2,0
HOME,com.company.condition,ArithmeticActions,28,0,6,0,8,0,5,0,2,0
HOME,com.company.condition,WeeklySalaryTest,167,0,0,0,17,0,5,0,5,0
HOME,com.company.condition,InfinityLoop,19,0,2,0,5,0,3,0,2,0
HOME,com.company.condition,PairsCharStringTest,36,0,0,0,10,0,4,0,4,0
HOME,com.company.oop,User,12,0,0,0,5,0,2,0,2,0
HOME,com.company.oop,Arrout,52,0,2,0,6,0,3,0,2,0
HOME,com.company.oop.legasy,DayOfWeek,74,0,0,0,2,0,1,0,1,0
HOME,com.company.oop.legasy,Day,74,0,0,0,2,0,1,0,1,0
HOME,com.company.oop.legasy,EnumEx2,28,0,2,0,9,0,4,0,3,0
HOME,com.company.oop.legasy,EnumEx1,9,0,0,0,4,0,2,0,2,0
HOME,com.company.oop.legasy,ScholarSchedule,10,0,0,0,4,0,3,0,3,0
HOME,com.company.oop.legasy,Program,21,0,0,0,7,0,2,0,2,0
HOME,com.company.oop.legasy,Person,15,0,0,0,6,0,3,0,3,0
HOME,com.company.oop.legasy,Doberman,7,0,0,0,3,0,2,0,2,0
HOME,com.company.oop.legasy,AbstrTest1,34,0,0,0,13,0,2,0,2,0
HOME,com.company.oop.legasy,StreetDog,7,0,0,0,3,0,2,0,2,0
HOME,com.company.oop.legasy,Employe,47,0,0,0,8,0,3,0,3,0
HOME,com.company.oop.legasy,Dog,7,0,0,0,3,0,2,0,2,0
HOME,com.company.func,PredicateCheckPositive,19,0,2,0,3,0,5,0,4,0
HOME,com.company.func,PredicateCheckPositiveTest,13,0,0,0,5,0,2,0,2,0
